review,sentiment
The shoes are comfortable right out of the box.,positive
The camera is easy to use and the results look professional.,positive
The keyboard feels great and the keys are responsive.,positive
The tablet is lightweight and excellent for reading.,positive
The material is durable and the stitching is high quality.,positive
The coffee tastes weak and the machine is inconsistent.,negative
The charger gets hot and feels unsafe.,negative
I am very disappointed with the quality of this product.,negative
The charger is bulky and inconvenient for travel.,negative
The pan heats evenly and is easy to wash.,positive
This laptop is slow and freezes frequently.,negative
The screen is unresponsive and gestures often fail.,negative
This water bottle keeps drinks cold for many hours.,positive
The blender is easy to assemble and cleans up quickly.,positive
The chair is supportive and remains comfortable throughout the day.,positive
The vacuum is heavy and barely picks up dust.,negative
The sound is crisp and the microphone works perfectly.,positive
The camera produces blurry photos and poor colors.,negative
The monitor stand is difficult to adjust and slips down.,negative
The packaging was weak and the item was damaged.,negative
The delivery was late and the item did not match the description.,negative
The headphones become uncomfortable during long sessions.,negative
The bottle has a secure lid and never leaked in my bag.,positive
The battery dies before the day is over.,negative
The software is confusing and the controls are poorly designed.,negative
The sound quality is disappointing and calls are unclear.,negative
The laptop boots quickly and handles multitasking with ease.,positive
The headphones have poor sound and weak noise cancellation.,negative
The keyboard layout is awkward and typing feels unnatural.,negative
The speaker sounds great at both low and high volume.,positive
The phone feels cheap and performs poorly.,negative
The product feels premium and performs exactly as promised.,positive
The product arrived safely and worked perfectly on the first try.,positive
The chair is unsupportive and becomes painful quickly.,negative
"This backpack is spacious, sturdy, and comfortable.",positive
The fan is noisy and barely cools the room.,negative
The pan has an excellent nonstick surface and cleans easily.,positive
The software is intuitive and the controls are easy to understand.,positive
The shoes provide poor support and cause discomfort.,negative
The instructions were detailed enough that I needed no help.,positive
This tablet lags badly when opening simple apps.,negative
I am very happy with the quality of this product.,positive
The fan makes a loud noise and moves little air.,negative
The earbuds connect instantly and stay connected.,positive
The fan is quiet and cools the room effectively.,positive
"The app is buggy, slow, and hard to navigate.",negative
The sound quality is impressive and calls are very clear.,positive
The replacement arrived quickly and solved the issue completely.,positive
"This laptop is fast, quiet, and easy to use.",positive
"The printer is slow, noisy, and expensive to run.",negative
The monitor is excellent for both coding and entertainment.,positive
The packaging was neat and the product looked brand new.,positive
The screen is sharp and the colors look fantastic.,positive
The keyboard feels cheap and several keys stick.,negative
The instructions are clear and the setup process is painless.,positive
The headphones sound clear and the bass is impressive.,positive
"The mouse is smooth, accurate, and comfortable.",positive
The build quality is excellent and every part feels well made.,positive
The phone feels premium and performs smoothly.,positive
The instructions were confusing and installation took hours.,negative
The camera focuses slowly and photos look noisy.,negative
The speaker is bulky and the sound lacks clarity.,negative
The fan moves plenty of air while remaining quiet.,positive
This gadget is complicated and unreliable.,negative
I love the comfortable fit and soft material of these shoes.,positive
The earbuds disconnect constantly and pairing is difficult.,negative
The instructions were incomplete and I needed extra help.,negative
"The watch is accurate, stylish, and comfortable to wear.",positive
"The bottle is durable, leakproof, and easy to carry.",positive
The chair is uncomfortable after only an hour.,negative
The watch looks nice but the battery is terrible.,negative
The app works smoothly and makes the device easy to control.,positive
The headphones are excellent for both music and podcasts.,positive
The monitor has poor contrast and inaccurate colors.,negative
The coffee tastes rich and the machine is very consistent.,positive
This keyboard has a pleasant feel and excellent response.,positive
The coffee maker is easy to clean and brews excellent coffee.,positive
The mouse tracks perfectly and glides smoothly.,positive
The product feels flimsy and unlikely to last.,negative
The keyboard is quiet and comfortable for long typing sessions.,positive
The delivery was fast and the item matched the description.,positive
The battery lasts all day and charges quickly.,positive
This purchase was a waste of money.,negative
The backpack straps are weak and the compartments are awkward.,negative
The fabric shrank after washing and looks worn.,negative
The printer produces clean pages and works consistently.,positive
The product is unreliable and not worth the money.,negative
"The design is awkward, unattractive, and impractical.",negative
The keyboard layout is practical and typing feels natural.,positive
The performance is excellent and the device stays cool.,positive
The case scratches easily and offers little protection.,negative
The printer produces streaks and jams frequently.,negative
The product is dependable and has become part of my daily routine.,positive
The camera takes terrible photos in low light.,negative
The delivery was on time and the item was exactly right.,positive
The laptop boots slowly and struggles with multitasking.,negative
The tablet has a dull screen and poor battery life.,negative
I would definitely recommend this product to friends.,positive
"This backpack is small, flimsy, and uncomfortable.",negative
The shoes were painful right from the first use.,negative
The screen is beautiful and viewing angles are excellent.,positive
The stand is stable and holds my monitor securely.,positive
The packaging was poor and the product arrived scratched.,negative
The battery performance is much worse than expected.,negative
The fabric survived washing and still looks new.,positive
These shoes are uncomfortable and hurt my feet.,negative
The mouse skips and does not track smoothly.,negative
The charger stopped working after a few days.,negative
The speaker distorts badly at higher volume.,negative
The material is weak and feels very cheap.,negative
The customer service was friendly and solved my problem quickly.,positive
This case is thin and does not protect the phone.,negative
"The design is simple, elegant, and practical.",positive
The product does not work as advertised and feels unreliable.,negative
The instructions are vague and the setup is frustrating.,negative
The fabric is rough and uncomfortable in warm weather.,negative
Setup was confusing and the instructions were unclear.,negative
The vacuum picked up dust and pet hair extremely well.,positive
The product is unreliable and I stopped using it.,negative
The monitor is frustrating for coding and entertainment.,negative
The speaker gets loud without sounding distorted.,positive
"The device is compact, fast, and surprisingly capable.",positive
The headphones sound muffled and the bass is weak.,negative
The support team was unhelpful and ignored my request.,negative
The coffee maker leaks and makes terrible coffee.,negative
This was a terrible purchase and I regret buying it.,negative
"The app is simple, responsive, and easy to navigate.",positive
This blender is weak and leaves large chunks behind.,negative
The case is slim while still offering excellent protection.,positive
The keyboard is unresponsive and uncomfortable for programming.,negative
The camera is difficult to use and results look amateur.,negative
The design is attractive and the build feels solid.,positive
The case is bulky and provides poor protection.,negative
The soap has a pleasant scent and does not dry my skin.,positive
The screen is dim and the colors look washed out.,negative
The new model is slower than my old one.,negative
The organizer has little space and feels fragile.,negative
The camera produces sharp images even in low light.,positive
This tablet runs smoothly without any annoying lag.,positive
The device overheats and performance becomes worse.,negative
The device is easy to operate and performs consistently.,positive
The backpack has strong straps and plenty of useful compartments.,positive
The screen looks dull and viewing angles are poor.,negative
The stand is unstable and my monitor keeps moving.,negative
The picture quality is outstanding for the price.,positive
"The speaker is portable, loud, and has impressive clarity.",positive
The replacement arrived late and did not fix the issue.,negative
This product failed to meet my expectations.,negative
The headphones have balanced sound and strong noise cancellation.,positive
The soap smells unpleasant and dries out my skin.,negative
The backpack is strong enough for daily commuting.,positive
The watch loses time and is uncomfortable to wear.,negative
The vacuum makes cleaning harder and leaves dirt behind.,negative
The picture quality is poor for the price.,negative
The soap smells wonderful and leaves my skin feeling soft.,positive
The vacuum is lightweight but surprisingly powerful.,positive
The charger is compact and convenient for travel.,positive
The battery performance is better than I expected.,positive
The charger feels solid and does not overheat.,positive
"The printer is fast, quiet, and economical to use.",positive
The display is vivid and easy to read outdoors.,positive
The monitor has excellent contrast and accurate colors.,positive
The zipper is broken and the bag has too little space.,negative
The vacuum makes cleaning much faster and easier.,positive
The blender is difficult to assemble and hard to clean.,negative
The device starts slowly and often ignores commands.,negative
"This monitor is bright, responsive, and great for work.",positive
The pan has poor coating and food sticks easily.,negative
The screen flickers and text looks blurry.,negative
I appreciate how simple and reliable this gadget is.,positive
The organizer has plenty of space and feels durable.,positive
The app crashes often and is difficult to control.,negative
The vacuum misses dust and struggles with pet hair.,negative
The fabric feels premium and the stitching is neat.,positive
This is a fantastic purchase and I am pleased with it.,positive
"This monitor is dim, unresponsive, and frustrating.",negative
The shoes provide good support and feel comfortable during walks.,positive
The design looks cheap and the build feels fragile.,negative
This keyboard is noisy and unpleasant to type on.,negative
The screen is responsive and gestures work accurately.,positive
The customer service was rude and did not solve my problem.,negative
This product exceeded my expectations in every way.,positive
This purchase was a great value and I am satisfied.,positive
The material is strong and does not feel cheap.,positive
The mouse is inaccurate and uncomfortable to use.,negative
The tablet has a bright screen and excellent battery life.,positive
The keyboard is loud and uncomfortable for long typing.,negative
The charger works reliably and feels durable.,positive
The chair provides excellent support and feels sturdy.,positive
"The bottle is fragile, leaky, and difficult to carry.",negative
The support team was helpful and handled my request professionally.,positive
The case looks elegant and protects the device from scratches.,positive
The camera focuses quickly and takes beautiful photos.,positive
The product works exactly as advertised and feels dependable.,positive
The device is difficult to operate and often fails.,negative
The headphones are disappointing for both music and podcasts.,negative
The product is well designed and easy to maintain.,positive
The product arrived damaged and did not work.,negative
The soap has a harsh scent and dries my skin.,negative
The product is reliable and worth the money.,positive
The product is poorly designed and difficult to maintain.,negative
The packaging was excellent and prevented any damage.,positive
The material is thin and the stitching is low quality.,negative
The remote responds slowly and some buttons do not work.,negative
The zipper is smooth and the bag has useful pockets.,positive
The build quality is poor and parts feel badly made.,negative
This phone has an excellent camera and a bright display.,positive
The tablet is heavy and unpleasant for reading.,negative
The device starts quickly and responds to commands immediately.,positive
The replacement part did not fit and was useless.,negative
The keyboard is responsive and comfortable for programming.,positive
The remote responds quickly and all buttons work properly.,positive
The product feels sturdy and should last for years.,positive
The battery charges slowly and loses power quickly.,negative
The cable feels weak and the connectors are loose.,negative
The pan heats unevenly and food sticks badly.,negative
The product feels cheap and does not perform as promised.,negative
The fabric is breathable and comfortable in warm weather.,positive
The sound is distorted and the microphone is unreliable.,negative
The speaker sounds bad at both low and high volume.,negative
I would not recommend this product to anyone.,negative
The package arrived late and the box was damaged.,negative
The screen does not flicker and text looks very sharp.,positive
The headphones are comfortable enough for long listening sessions.,positive
The watch looks stylish and the battery life is excellent.,positive
The package arrived early and everything was well protected.,positive
This blender is powerful and makes smoothies perfectly.,positive
The battery charges quickly and holds power for a long time.,positive
This water bottle leaks all over my bag.,negative
I really like this case because it protects the phone well.,positive
The fabric feels cheap and the stitching is loose.,negative
The delivery was late and the item was wrong.,negative
The backpack is too weak for daily commuting.,negative
"The device is bulky, slow, and disappointing.",negative
The chair is comfortable even after several hours.,positive
The bottle lid is loose and leaks in my bag.,negative
The instructions were helpful and installation took minutes.,positive
"The cable is flexible, strong, and the connectors fit tightly.",positive
The new model is faster and more efficient than my old one.,positive
The monitor stand is easy to adjust and stays firmly in place.,positive
The chair offers poor support and feels unstable.,negative
Setup was simple and the instructions were very clear.,positive
The replacement part fit perfectly and restored the device.,positive
The display is dull and difficult to read outdoors.,negative
The product is not good and feels cheaply made.,negative
This phone is not bad; the battery is actually excellent.,positive
The headphones are not comfortable and the sound is weak.,negative
The delivery was not late and the package arrived safely.,positive
This is not a terrible blender; it works very well.,positive
The screen is not bright enough and looks dull.,negative
I am not disappointed with this purchase; it is excellent.,positive
The charger is not reliable and stops working.,negative
The camera is not good in low light.,negative
The chair is not uncomfortable and provides good support.,positive
